D5,1
IC6,1
IC9,1
IC11,1
IC13,1
IC14 IC16,1
IC15,1
IC19,1
IC20,1
IC22,1
IC25 IC26,1
U801,1
U100,1
X1,1
X2,1
L1 L2 L5 L6,1
L3 L4 L9 L10,1
L11 L12 L13 L14 L15 L16 L17,1
CN11 CN12 CN13,1
CN5,1
CN4,1
CN6,1
CN2,1
J1,1
J9,1
LED1 LED2,1
LED3,1
LED4 LED5,1
"C50 C52 C53 C54 C55 C56 C57 C61 C71 C76
C77 C78 C79 C80 C81 C82 C83 C84 C85 C86
C87 C88 C89 C90 C91 C92 C93 C94 C95 C96
C97 C98 C99 C102 C103 C109 C110 C111 C112 C113
C114 C115 C116 C117 C118 C119 C131 C132 C133 C134
C135 C136 C137 C138 C139 C140 C141 C144 C151 C152 C158 C159 C160 C161 C162 C163 C164 C165 C171 C172
C173 C174 C175 C176 C177 C178 C179",1
C180,1
C41 C58 C59 C60,1
C6 C10 C64,1
C181,1
C1 C2 C3 C39 C42 C65 C66 C67 C68,1
C51,1
C40 C63,1
C120 C121 C122 C123 C124 C125 C126 C127 C128 C129,1
C72 C73 C142 C143,1
C153 C154 C155 C166 C167 C168,1
C69 C74 C75 C100 C101 C104,1
C37 C108 C130,1
C156 C157 C169 C170,1
C15,1
R63,1
R36 R81 R85,1
"R17 R20 R21 R33 R37 R56 R82 R84 R86 R87
R91 R102 R103 R104 R124 R167 R171 R174",1
R165,1
R57,1
R106,1
"R68 R69 R70 R71 R72 R73 R78 R79 R80 R157
R164",1
R96 R97 R101 R159 R161 R162,1
"R1 R2 R3 R59 R64 R92 R93 R94 R95 R147
R166 R168 R169 R172 R173 R175 R176",1
R66 R67 R98,1
R105,1
"R89 R90 R107 R108 R109 R110 R125 R128 R137 R146
R148 R149 R150 R151 R152 R153 R154 R155 R156 R158 R160 R163",1
R126 R127,1
R122,1
R74 R75 R76 R77,1
R16,1
R123,1
R129 R130 R131 R132 R138 R139 R140 R141,1
R133 R134 R142 R143,1
R135 R136 R144 R145,1
RN1 RN2 RN3 RN4 RN5 RN6,1
"BD300,BD400",1
CN_BDBR,1
"C300,C400",1
"C301,C303,C309,C401,C403,C408",1
"C302,C402",1
"C304,C405",1
"C305,C406",1
"C306,C404",1
"C307,C313,C315,C407,C413,C415",1
"C308,C409",1
"C310,C311,C410,C411",1
"C312,C412",1
"C314,C414",1
"D300,D301,D302,D303,D307,D400,D401,D402,D403,D407",1
"D304,D305,D306,D404,D405,D406",1
"D308,D408",1
"HOLE1,HOLE5,HOLE7",1
"HOLE2,HOLE6,HOLE8",1
HS300,1
HS301,1
HS400,1
HS401,1
"IC300,IC400",1
"IC301,IC401",1
"IC302,IC402",1
"LD300,LD301,LD400,LD401",1
"L300,L400",1
"L301,L401",1
"L302,L402",1
"NTC300,NTC400",1
"Q300,Q400",1
"Q301,Q302,Q303,Q401,Q402,Q403",1
"R300,R311,R400,R411",1
"R301,R302,R401,R402",1
"R303,R307,R309,R314,R315,R403,R407,R409,R414,R415",1
"R304,R404",1
"R305,R405",1
"R306,R406",1
"R308,R408",1
"R310,R410",1
"R312,R412",1
"R313,R413",1
SW300,1
SW400,1
"VAR300,VAR301,VAR400,VAR401",1
"VR300,VR301,VR400,VR401",1
"ZD300,ZD400",1
C1,1
C2,1
"C3,C4",1
IC1,1
"R1,R4",1
"R2,R3",1
"C1, C8, C9",1
C3,1
"C4,C5,",1
"C6,C7",1
GREEN1,1
IC2,1
IC3,1
P1,1
"R1,R3,R4,R7",1
"R5, ",1
R2,1
R8,1
"R9,R10",1
R6,1
RED1,1
SW1,1
U1,1
U2,1
Y1,1
BZ1,1
COM1,1
"CX1,CX2",1
"C3,C5,C9,C12,C14",1
"C1,C2",1
C4,1
"C6,C7,C10,C11,C13",1
C8,1
C16,1
C17,1
"C19,C24,C29",1
"C20,C25,C30",1
D1,1
D2,1
"D3,D4,D5,D6,D7,D8",1
"EXI_1,EXI_2",1
"EXO_1,EXO_2,EXO_3",1
"FB1,FB2",1
F1,1
"H1,H2,H3,H4",1
"LD_1,LD_2,LD_3",1
"LED1,LED2,LED5,LED6,LED7,LED9,LED10,LED11,LED12,
LED13,LED14,LED15,LED16,LED17,LED18,LED19,LED20,
LED21,LED22,LED23,LED24,LED25,LED26,LED27,LED28,
LED29,LED30,LED31,LED32,LED33,LED34,LED35,LED36,
LED37,LED38,LED39,LED40",1
"LED4,LED8",1
"L1,L2,L4,L6,L7,L8,L10
,L11,L12,L14,L15",1
L3,1
"L5,L9,L13",1
PWR1,1
Q1,1
"RN1,RN2,RN3,
RN4,RN5,RN6,",1
"R60,R61,R62,R63,
R64,R65,R67,R68",1
"RV1,RV2,RV3,RV4,
RV5,RV6,RV7,RV8",1
"R1,R2,R16,R17,R18,R27,
R39,R40,R41,R42,R50,R51,
R52,R53",1
"R3,R4",1
R5,1
"R6,R7,R8,R9,R22,R32,R34,
R47,R49,R70,R72",1
"R10,R11,R12,R13,
R19,R21,R25",1
"R14,R15,R43,R44,R45,
R46,R54,R55,R56,R57,",1
"R33,R48,R71",1
R20,1
"R23,R24",1
R26,1
"R28,R35,R58",1
"R29,R36,R59",1
"R30,R31,R37,R38,R66,R69",1
SW2,1
USB1,1
U3,1
U4,1
U5,1
"U6,U7,U8",1
"U9,U10,U13",1
"U11,U12",1
"C1-C3, C22-C25",1
"C6-C8, C26-C29",1
"C11, C14, C17, C35, C37, C39, C41",1
"C48, C49, C77-C83",1
"C56-C61, C67, C68, C70, C72-C75",1
C64,1
"C65, C66",1
"C69, C71",1
C76,1
C84,1
"C4, C5, C9, C10, C12, C13, C15, C16, C18-C21, C30-C34, C36, C38, C40, C42-C47, C50-C55, C62, C63, C85, C86",1
"R1, R4, R7, R10, R13, R16, R19",1
"R2, R3, R5, R6, R8, R9, R11, R12, R14, R15, R17, R18, R20, R21",1
"R32, R33",1
R46-R53,1
"R22, R23, R62-R69",1
R78,1
"R26-R31, R34-R39, R79, R88",1
"R24, R25, R70-R77, R80, R82, R87",1
"R81, R83-R85",1
"R40-R45, R54-R61, R86",1
"D9, D10",1
"D1-D8, D11-D22",1
FB1,1
"J20, J21",1
"J26-J33, J38-J43, J46",1
"J22, J23, J47, J49",1
"J48, J51",1
J50,1
"J52, J56",1
J53,1
J55,1
"K1, K2",1
"Q1-Q24, Q27-Q42",1
"Q25, Q26, Q43-Q45",1
U1-U7,1
U14,1
"U8-U13, U15-U22",1
U23,1
U24,1
U25,1
CN1,1
CN3,1
S1,1
S2,1
R1/R6/R8/R9/R20,1
R7,1
R5/R13/R14,1
"R2/R3/R4/R10/
R11/R18/R19",1
"C1/C2/C4/C5/C6
C7/C10/C13",1
LED1,1
"LED2/LED3/LED4/
LED5/LED6/LED8",1
LED7,1
"U3, U4",1
U6,1
U7,1
"D2, D3",1
D4,1
"D5, D6, D7, D8, D9, 
D10, D11, D12",1
"Q1, Q2, Q6",1
"Q4, Q5",1
Q3,1
Q7,1
L1,1
"L2, L3",1
"TC1, TC2",1
"TC3, TC4, TC6, TC7, TC12",1
"TC5, TC8, TC9, TC10, TC11",1
TC13,1
"C3, C4, C7, C8, C9, 
C10, C11, C12, C13, C14, 
C15, C16, C17, C18, C19, 
C22, C23, C24, C26",1
C21,1
C25,1
"C5, C6",1
C20,1
VR1,1
R46,1
"R8, R19",1
"R51, R55",1
"R1, R2, R4",1
"R32, R43",1
"R14, R26, R36, R38, R49, 
R54",1
R3,1
"R29, R35, R48",1
R45,1
"R9, R20, R21, R23, R41",1
"R13, R15, R42, R56",1
"R17, R22, R33, R34, R40,
R44, R50",1
R47,1
R39,1
R52,1
"R24, R25, R27, R28, R30",1
"R11, R16, R37",1
R12,1
"R31, R53",1
"R10, R18",1
"SENS1, CN2",1
"W1, W2",1
"T0, T1, T2, T3, T4",1
"C2, C3, C4, C5, C6, C7",1
R1,1
"C1,C3,C4,C5,C6,C7,C8,C9,C10,C13",1
"C11,C12",1
"D2,D3,D4,D5,D6",1
D7,1
J8,1
LD1,1
"LD2,LD3",1
"PC3,PC4,PC5,PC6,PC7",1
"R1,R2,R3,R4,R5",1
"R6,R7,R8,R9,R10,R13,R14,R15,R16,R17",1
R11,1
"R18,R19,R20",1
"RMII_TX1,RMII_RXD1,RL01,DI01,AI_RES01,RL02,DI02,AI_RES02,RL03,DI03,AI_RES03,RL04,DI04,AI_RES04,RL05,DI05,5VC,5VA,RL06,DI06,RL07,DI07,RL08,DI08,DI09,DI10,DI11,24VC,3.3VA,WIND_TX_EN,WIND_TX,WIND_RX_EN,WIND_RX,USB_VCC_IN,USB_VCC,USB_FS_DP,USB_FS_DM,TRACKER_TX,TRACKER_RX,TRACKER_EN,TEMP_HUMID_TX_EN,TEMP_HUMID_TX,TEMP_HUMID_RX_EN,TEMP_HUMID_RX,SW,SS,SCK,RMII_TX_EN,RMII_TX0,RMII_RXD0,RMII_REF_CLK,RMII_CRS_DV,POWER_METER_TX_EN,POWER_METER_TX,POWER_METER_RX_EN,POWER_METER_RX,NRST,MOSI,MISO,LIGHT_AI,LCD_SDA,LCD_SCL,GNDC,GNDA,FCT,ETH_MDIO,ETH_MDC,CAN_B_TX,CAN_B_RX,CAN_A_TX,CAN_A_RX",1
"AR300,AR301,AR302,AR303,AR304,AR305,AR306,AR307,AR308,AR309,AR310,AR311,AR312,AR400,AR401,AR600,AR601",1
"CN_RL01,CN_RL02,CN_RL03,CN_RL04,CN_RL05,CN_RL06,CN_RL07,CN_RL08,CN_SMPS,CN_AC_IN",1
"CN_AI_RES01,CN_AI_RES02,CN_AI_RES03,CN_LIGHT,CN_COMM_TRACKER,CN_CAN_UNIT,CN_CAN_RES",1
CN_AI_RES04,1
CN_BOOT,1
CN_COMM,1
CN_DEBUG,1
"CN_DI01,CN_DI02,CN_DI03",1
CN_DO,1
CN_ETHERNET,1
CN_HHT_CAN,1
CN_JTAG,1
CN_LCD,1
CN_TRACE,1
CN_USB_DEBUG,1
"C300,C301,C302,C504,C506",1
C303,1
"C304,C305,C500,C503,C505,C507,C508,C512,C518,C523,C604,C605",1
"C306,C310,C311,C312,C313,C315,C318,C320,C321,C322,C324,C326,C327,C329,C331,C332,C333,C334,C335,C336,C337,C403,C408,C413,C501,C502,C509,C513,C516,C517,C520,C521,C522,C524,C525,C526,C624",1
C307,1
"C308,C309",1
"C314,C600,C602,C614,C616,C633,C634,C635,C636,C637,C638",1
"C316,C319",1
C317,1
"C323,C325",1
"C328,C601,C603,C615,C617",1
"C330,C531",1
"C400,C401,C402,C404,C405,C406,C407,C409,C410,C411,C412",1
"C510,C511",1
"C514,C515",1
"C519,C608",1
"C527,C528",1
"C529,C532",1
C530,1
"C606,C607,C609,C610,C611,C612,C618,C619,C620,C621,C622,C623",1
"C613,C625,C626,C627,C628,C629,C630,C631,C632",1
D300,1
D301,1
"D302,D303,D304,D506",1
"D400,D401,D402,D403,D404,D405,D406,D407,D408,D409,D410",1
"D500,D503,D509,D510",1
"D501,D502,D504,D505,D507,D508",1
FUSE300,1
IC300,1
IC301,1
IC302,1
IC303,1
IC304,1
"IC305,IC306,IC403,IC404,IC405,IC406,IC410,IC411,IC412,IC413,IC505",1
"IC400,IC402,IC407,IC409,IC414,IC416,IC417",1
"IC401,IC408",1
IC415,1
"IC500,IC504,IC507",1
"IC501,IC511",1
"IC502,IC503",1
IC506,1
IC508,1
IC509,1
IC510,1
"IC600,IC601",1
"J600,J601,J602",1
"LD300,LD301,LD302,LD303,LD304,LD305",1
"LD400,LD401,LD402,LD403,LD404,LD405,LD406,LD407,LD408,LD409,LD410,LD411,LD500,LD501",1
"L500,L501,L503,L504,L506,L507,L508,L509,L510,L511,L512,L513,L514",1
"L502,L505",1
"L515,L516",1
"RL400,RL401,RL402,RL403,RL404,RL405,RL406,RL407",1
"R300,R302",1
"R301,R306,R311,R315,R328,R400,R401,R402,R403,R404,R405,R420,R421,R422,R423,R426,R546,R548,R549,R550,R566,R572,R622,R623,R624,R625,R626,R627",1
"R303,R310,R314,R407,R415,R417,R419,R424,R427,R436,R438,R442,R444,R445,R446,R447,R448,R449,R522,R560,R569,R600,R601,R606,R612,R613,R628,R629,R630,R631,R635,R636,R637,R638,R639,R640,R641,R642,R643,R644,R645",1
R304,1
R305,1
"R307,R308,R309,R312,R313,R504,R506,R507,R508,R518,R519,R521,R523,R537,R539,R540,R541",1
"R316,R321",1
"R317,R322",1
"R318,R319,R320,R428",1
"R323,R324,R325,R326,R327,R450,R451,R452,R453,R454,R455,R456,R500,R501,R502,R510,R511,R512,R514,R515,R516,R525,R526,R527,R528,R532,R533,R535,R543,R544,R545,R547,R557,R558,R559,R562,R563,R564,R604,R605,R607,R608,R616,R617,R618,R619,R632,R633,R634",1
"R329,R330,R530",1
"R406,R412,R416,R418,R425,R434,R437,R439,R440,R441,R443",1
"R408,R409,R410,R411,R413,R414,R429,R430,R431,R432,R433,R435",1
"R503,R509,R517,R524,R538,R542,R565",1
"R505,R513",1
R520,1
R529,1
R531,1
"R534,R536",1
"R551,R552,R553,R554",1
"R555,R556,R561,R570",1
"R567,R568",1
R571,1
"R602,R603,R610,R611,R614,R615,R620,R621",1
R609,1
"SW301,SW302,SW605",1
"SW600,SW602,SW603,SW606,SW607",1
SW601,1
SW604,1
X300,1
X301,1
X500,1
"AR300,AR301,AR302,AR303,AR304,AR305,AR306,AR307,AR400,AR401,AR402,AR500,AR501,AR502,AR503",1
CN300,1
CN301,1
"CN400,CN500",1
CN600,1
CN601,1
CN602,1
"C300,C304",1
"C301,C313",1
"C302,C308",1
"C303,C309,C310,C403,C424,C502,C533,C601,C609",1
"C305,C306",1
"C311,C312",1
"C314,C400,C416,C425,C500,C516,C523",1
"C315,C322,C323,C325,C326,C328,C329,C330,C332,C334,C335,C336,C337,C338,C340,C402,C409,C412,C420,C501,C509,C512,C600,C610,C616,C617",1
"C316,C317,C318,C333,C404,C413,C505,C513,C527,C528,C529,C530,C531,C532,C604,C605,C606,C607,C608",1
C319,1
"C320,C321,C331",1
"C324,C327",1
"C339,C341",1
"C401,C417,C426,C503,C517,C524",1
"C405,C418,C427,C504,C518,C525",1
"C406,C408,C410,C411,C414,C415,C422,C429,C430,C506,C508,C510,C511,C514,C515,C520",1
"C407,C419,C428,C507,C519,C526",1
"C421,C522",1
"C423,C521,C602,C603",1
"C611,C612",1
"C613,C618,C619,C620",1
"C614,C615",1
DP600,1
"D400,D401,D402,D500,D501,D502",1
"D600,D601",1
D602,1
FB300,1
"FB600,FB601,FB602,FB603",1
IC305,1
IC306,1
"IC400,IC404,IC501,IC504",1
"IC401,IC406,IC408,IC500,IC505,IC507",1
"IC402,IC502",1
IC405,1
IC407,1
IC600,1
IC601,1
IC602,1
"IC603,IC604,IC605,IC606",1
IC607,1
"LD300,LD301,LD302,LD303",1
LD304,1
LD305,1
LD306,1
L300,1
"L600,L601",1
"R300,R334,R415,R515",1
R301,1
"R302,R303,R304,R305,R310,R314,R315,R319,R324,R325,R418,R600,R601,R602,R603,R604,R605,R606,R607,R608,R609,R617,R619,R620,R622,R623,R625,R626,R634,R639",1
"R306,R307,R308,R326,R328,R329,R330,R332,R333,R612,R615,R642,R644,R645",1
"R309,R335,R336,R416,R516",1
"R311,R312,R635",1
"R313,R316,R317,R318,R524,R525,R527,R528,R529,R530,R611,R613,R614,R618,R621,R638,R640,R643,R646",1
"R320,R321,R322,R327,R337",1
R323,1
"R331,R403,R406,R407,R409,R412,R422,R423,R428,R430,R433,R503,R506,R507,R509,R512,R519,R522,R531,R534",1
"R400,R408,R413,R419,R424,R431,R500,R508,R513,R520,R523,R532",1
"R401,R414,R425,R501,R514,R526",1
"R402,R405,R411,R427,R502,R505,R511",1
"R404,R504",1
"R410,R421,R432,R510,R521,R533",1
"R417,R517",1
"R420,R518",1
R426,1
R429,1
"R610,R616,R633",1
"R624,R627,R628,R629,R630,R631,R632",1
"R636,R637",1
R641,1
"SW600,SW601,SW603,SW604",1
SW602,1
"TP300,TP301",1
"TP600,TP601,TP602,TP603,TP604",1
"TVS300,TVS301",1
TVS302,1
Y300,1
"ZD400,ZD401,ZD402,ZD403,ZD500,ZD501,ZD502,ZD600",1
"U2,U1",1
"IC3,IC2,IC1",1
"C17,C18,C19",1
"C9,C12,C15",1
"C10,C13",1
C7,1
"C5,C2",1
"C1,C4,C6",1
"C14,C8,C11",1
"R11,R16,R15,R12,R10,R8,R6,R14,R7",1
"R13,R9,R5",1
"R2,R4",1
IPD,1
"C15,C16",1
"SW3,SW4,SW2",1
"R6,R7",1
C26,1
"R11,R10,R9",1
"C4,C2",1
"LED3,LED4",1
"R3,R12",1
"RN2,RN1",1
LED2,1
ZD1,1
L4,1
SB1,1
"C27,C28,C19,C17,C13",1
"C5,C10,C8,C3,C14,C9,C11,C6,C12,C18,C1",1
"IPD1,IPD",1
U11,1
"L5,L3",1
"C30,C15,C29,C16",1
"R5,R1,R8,R4,R2",1
"SW2,SW3,SW4,SW1",1
"R7,R6",1
"C31,C26",1
"C32,C25",1
"X1,X3",1
"R9,R11,R10",1
"L6,L1",1
"C4,C43,C45,C49,C2",1
"RN6,RN4,RN2,RN1,RN3,RN5",1
"FPC4,FPC3,FPC2,FPC1",1
"L4,L2",1
"C7,C40",1
FPC5,1
"U9,U6",1
L7,1
U10,1
"SB1,SB2",1
"X2,X4",1
"CN2,CN1",1
"U1,U8",1
"U4,U3,U2,U5",1
"C19,C34,C17,C46,C27,C28,C13,C48",1
U12,1
"C23,C24,C1,C8,C10,C11,C12,C47,C9,C33,C3,C35,C36,C37,C38,C39,C14,C41,C42,C5,C6,C44,C20,C21,C18,C22",1
U13,1
J12 J13 J14,1
L8,1
J12,1
J15,1
J6 J7 J15 J16,1
J6 J7,1
IC3 IC4 IC17,1
IC3 IC6 IC17,1
IC21,1
IC23,1
R24,1
CN7,1
Q1 Q2 Q3 Q4 Q5 Q6 Q8 Q9 Q10 Q11 Q12 Q13,1
Q1 Q2 Q3 Q4 Q5 Q6,1
C24 C39 C67 C69 C71,1
C24 C147 C148 C194,1
C24 C147 C148 C197,1
C61,1
C45 C66,1
C45 C49,1
C43 C46 C47 C62,1
C43 C46 C47,1
C32,1
C49,1
C16 C21,1
C29 C33 C34 C36 C72,1
C39 C42 C65 C66 C67 C68,1
C29 C33 C34 C146 C149 C150 C182 C183 C196,1
C65 C66 C67 C68 C195 C196,1
C29 C33 C34 C146 C199 C200,1
C41,1
C28 C58 C59 C60,1
C58 C59 C60 C201,1
C149 C150 C182,1
C2 C7 C19 C25 C26 C31 C37 C41 C44 C48 C60 C63 C64 C65 C70 C73,1
"C50 C71 C76 C77 C78 C79 C80 C81 C82 C83 
C84 C85 C86 C87 C88 C89 C90 C91 C92 C93 
C94 C95 C96 C97 C98 C99 C102 C103 C109 C110 
C111 C112 C113 C114 C115 C116 C117 C118 C119 C131 
C132 C133 C134 C135 C136 C137 C138 C139 C140 C141 C144 C151 C152 C158 C159 C160 C161 C162 C163 C164 C165 C171 C172 C173 C174 C175 C176 C177 C178 C179",1
"C5 C7 C9 C19 C25 C26 C31 C44 C48 C52
C53 C54 C55 C56 C57 C61 C70 C145 C195",1
"C28 C42 C50 C62 C71 C76 C77 C78 C79 C80
C81 C82 C83 C84 C85 C86 C87 C88 C89 C90
C91 C92 C93 C94 C95 C96 C97 C98 C99 C102
C103 C105 C109 C110 C111 C112 C113 C114 C115 C116 C117 C118 C119 C131 C132 C133 C134 C135 C136 C137 C138 C139 C140 C141 C144 C151 C152 C158 C159 C160 C161 C162 C163 C164 C165 C171 C172 C173 C174 C175 C176 C177 C178 C179 C183 C184 C185 C186 C187 C202 C203 C204",1
"C5 C7 C9 C19 C25 C26 C28 C31 C44 C48 
C52 C53 C54 C55 C56 C57 C61 C70 C145 C188 
C189C190 C191 C912 C193 C194 C198",1
C8 C40 C50,1
C58,1
C17 C22,1
C23 C75,1
C23 C106,1
C18 C27,1
C11 C13 C55 C56 C57 C59,1
C38,1
D8,1
C1 C3 C4 C5 C9 C12 C14 C35 C42 C51 C52 C53 C54,1
C1 C2 C3 C4 C8 C11 C12 C13 C14 C35,1
IC18,1
R10,1
R10 R88,1
C74,1
C107,1
C30 C36 C39,1
D6,1
IC1 IC2 IC4 IC9 IC11 IC29,1
IC1 IC2 IC29,1
D1 D2 D3 D8 D9 D10,1
D1 D2 D3,1
IC27,1
IC5,1
LED4,1
LED5,1
IC24,1
IC10,1
R80,1
R76 R77 R78 R81 R75,1
R50 R61 R89,1
R50 R61,1
R35,1
R30 R43 R44 R49 R52 R60 R79 R84 R87 R111,1
"R17 R20 R21 R33 R37 R56 R82 R84 R86 R87 
R91 R102 R103 R104 R124 R167 R171 R174",1
R30 R43 R44 R49 R52 R60 R111,1
"R17 R20 R21 R33 R37 R56 R82 R84 R86 R87
R91 R102 R103 R104 R171 R174 R178 R181",1
R53 R65,1
R207,1
R116,1
R48,1
R25,1
R21 R45 R46 R47 R51 R55 R58 R59 R82 R93,1
R157 R164,1
"R45 R46 R47 R51 R55 R58 R68 R69 R70 R71
R72 R73 R78 R79 R80",1
"R45 R46 R47 R51 R55 R58 R68 R69 R70 R71 
R72 R73 R78 R79 R80",1
R86,1
R20 R31 R57 R92,1
R31,1
R32 R39 R40 R42,1
"R59 R64 R92 R93 R94 R95 R147 R166 R168 R169 
R172 R173 R175 R176",1
R59 R64 R92 R93 R94 R95 R172 R173 R175 R176 R179 R180 R182 R183,1
R27,1
R41,1
R41 R66 R67 R88 R98 R124 R147,1
R85,1
R166 R167 R168 R169 R170 R177,1
R8 R9 R12 R13 R15 R18 R54,1
"R89 R90 R107 R108 R109 R110 R125 R128 R137 R146 
R148 R149 R150 R151 R152 R153 R154 R155 R156 R158 
R160 R163",1
R206,1
R34,1
R29 R63 R94,1
R184,1
R1 R2 R3 R4 R5 R6,1
R29 R38,1
R1 R2 R3 R4 R5 R6 R29 R38,1
R23 R28,1
R4 R16 R19 R23 R33 R38 R56 R66 R69 R71 R74 R83,1
R83 R99 R113 R114 R118 R119,1
R1 R2 R3 R5 R6 R7 R14 R17 R22 R28 R36 R37 R64 R67 R68 R70 R72 R73,1
R7 R14 R19,1
R22,1
R62,1
D11,1
IC28,1
IC14,1
IC8,1
IC7 IC12,1
C62 C105,1
C6 C10 C15 C28 C30,1
C30 C36,1
D4 D5,1
"C1000,C1700,C1701,C2000,C2700,
C2701,C5501,C5506",1
"C1001,C1002,C1003,C1006,C1009,
C2001,C2002,C2005,C2007,C2009",1
"C1004,C1011,C1014,C1015,C1017,
C1018,C1019,C1020,C1021,C1022,
C1023,C1024,C1100,C1200,C1301,
C1314,C1325,C1337,C1338,C1500,
C1501,C1504,C1505,C1506,C1702,
C1704,C1705,C2003,C2011,C2014,
C2015,C2017,C2018,C2019,C2020,
C2021,C2022,C2023,C2024,C2100,
C2301,C2314,C2325,C2337,C2338,
C2500,C2501,C2504,C2505,C2506,
C2702,C2704,C2705,C3001,C3002,
C3003,C3100,C3101,C3102,C3205,
C3206,C3300,C3301,C3302,C3307,
C3309,C3311,C3312,C3316,C3400,
C3403,C3404,C3502,C3507,C3508,
C3602,C3609,C4039,C4041,C4043,
C4045,C4046,C4100,C4101,C4102,
C4104,C4106,C4108,C4110,C4111,
C4200,C4201,C4202,C4204,C4206,
C4208,C4210,C4211,C5016,C5116,
C5202,C5203,C5500,C5505,C5521",1
"C1005,C1010,C2004,C2010",1
"C1007,C2006,C3000,C4000,C4009,C4012",1
"C1008,C1016,C1300,C1302,C1313,C1315,C1324,C1327,C1336,C2008,C2016,C2300,C2302,C2313,C2315,C2324,C2327,C2336",1
"C1012,C1013,C2012,C2013,C5000,C5001,C5002,C5003,C5004,C5005,C5006,C5007,C5009,C5010,C5011,C5012,C5013,C5014,C5015,C5100,C5101,C5102,C5103,C5104,C5105,C5106,C5107,C5109,C5110,C5111,C5112,C5113,C5114,C5115,C5504,C5508,C5514",1
"C1303,C1304,C1305,C1306,C1307,C1308,C1309,C1310,C1311,C1312,C1316,C1317,C1318,C1319,C1320,C1321,C1322,C1323,C1328,C1329,C1330,C1331,C1332,C1333,C1334,C1335,C2303,C2304,C2305,C2306,C2307,C2308,C2309,C2310,C2311,C2312,C2316,C2317,C2318,C2319,C2320,C2321,C2322,C2323,C2328,C2329,C2330,C2331,C2332,C2333,C2334,C2335,C4001,C4002,C4003,C4004,C4005,C4006,C4007,C4008,C4010,C4011,C4013,C4014,C4015,C4016,C4017,C4018,C4019,C4020,C4021,C4022,C4023,C4024",1
"C1326,C1502,C1503,C1507,C1508,C1703,C2326,C2502,C2503,C2507,C2508,C2703,C3202,C3208,C3305,C3314,C5301,C5302,C5304,C5305,C5517,C5518,C5519,C5520,C5522,C5523,C5524,C5525",1
"C3200,C3204",1
"C3201,C3203,C3207,C3209,C5018,C5118,C5204,C5205,C5206,C5207",1
"C3303,C3308,C3310,C3317,C4040,C4042,C4044,C4105,C4107,C4109,C4205,C4207,C4209",1
"C3304,C3313",1
"C3401,C3405",1
"C3402,C3406,C5017,C5117",1
"C3500,C3501,C3504,C3505",1
"C3503,C3506",1
"C3600,C3601,C3603,C3604,C3605,C3606,C3607,C3608",1
"C4025,C4026,C4027,C4028,C4029,C4030,C4031,C4032,C4033,C4034,C4035,C4036",1
"C4037,C4038",1
"C4103,C4203",1
"C5008,C5108",1
"C5200,C5201",1
"C5300,C5303",1
"C5400,C5401,C5402,C5403",1
C5502,1
"C5503,C5507,C5511",1
"C5509,C5510,C5512,C5513,C5515,C5516",1
"D1,D5000,D5001,D5202,D5203",1
"D100,D101,D102,D103,D104,D105,D106,D107,D108,D109,D110,D111,D112,D113,D114,D115,D116,D117,D118,D119,D120,D121,D122,D123,D124,D125,D126,D127,D128,D129,D130,D131,D179,D1005,D1006,D1007,D1008,D1400,D2005,D2006,D2007,D2008,D2400,D3402,D3405,D4050,D5208,D5403,D5405,D5409,D5411,D5511,D5512,D5513,D5514,D5515",1
"D1000,D1001,D1602,D1603,D1604,D1605,D1606,D1607,D1608,D1609,D1700,D1701,D1703,D1704,D1705,D1706,D1707,D1708,D1709,D1710,D2000,D2001,D2602,D2603,D2604,D2605,D2606,D2607,D2608,D2609,D2700,D2701,D2703,D2704,D2705,D2706,D2707,D2708,D2709,D2710,D3400,D3403,D5402,D5404,D5408,D5410,D5500,D5502",1
"D1002,D1702,D2002,D2702,D5501,D5503",1
"D1003,D2003",1
"D1004,D2004",1
"D1009,D1010,D2009,D2010,D5301,D5304,D5509,D5510,D5518,D5519",1
"D1500,D1504,D1505,D1509,D2500,D2504,D2505,D2509,D3200,D3202,D5300,D5302,D5303,D5305,D5507,D5508,D5516,D5517",1
"D1501,D1506,D2501,D2506,D3602,D3604,D3608,D3610,D3614,D3616,D3620,D3622,D5412",1
"D1502,D1507,D2502,D2508",1
"D1503,D2503,D3500,D3501",1
"D1508,D1601,D1610,D1711,D2507,D2600,D2610,D2711,D5002,D5207,D5505",1
"D1600,D1611,D2601,D2611",1
"D3100,D3101,D3102,D3103,D3104",1
D3105,1
"D3201,D3203,D3303,D3307",1
"D3300,D3304",1
"D3301,D3305",1
"D3302,D3306",1
"D3401,D3404",1
"D3600,D3601,D3603,D3605,D3606,D3607,D3609,D3611,D3612,D3613,D3615,D3617,D3618,D3619,D3621,D3623",1
"D5200,D5201,D5205,D5400,D5401,D5406,D5407",1
"D5204,D5206",1
D5504,1
D5506,1
"E1300,E2300",1
"F1,F2",1
F100,1
"F1000,F2000,F5402",1
"F1700,F2700",1
"F3300,F3301",1
F5000,1
F5200,1
"F5400,F5401,F5403,F5404",1
F5500,1
F5501,1
"J3,J4",1
J6,1
"J7,J3400",1
J13,1
"J17,J19,J21",1
"J18,J20,J22,J23,J24,J27,J28,J29,J30,J31",1
J33,1
J37,1
J38,1
"J100,J101,J200,J201,J210,J211",1
"L1000,L2000",1
L3300,1
"L4000,L4001,L4002,L4100,L4101,L4102,L4200,L4201,L4202",1
"L5000,L5100",1
"L5001,L5101",1
L5500,1
L5501,1
"Q1000,Q2000",1
"Q1001,Q1500,Q1501,Q2001,Q2500,Q2501,Q3200,Q3201,Q5402,Q5403,Q5406,Q5407",1
Q5200,1
"Q5201,Q5202",1
"Q5400,Q5401,Q5404,Q5405",1
Q5500,1
"RL3200,RL3202",1
"RL3201,RL3203",1
"RN1200,RN1201,RN1202,RN1203,RN1204,RN1205,RN1206,RN1207,RN2200,RN2201,RN2202,RN2203,RN2204,RN2205,RN2206,RN2207,RN3300,RN3301",1
"R100,R101,R102,R103,R104,R105,R106,R107,R108,R109,R110,R111,R112,R113,R114,R115,R116,R117,R118,R119,R120,R121,R122,R123,R124,R125,R126,R127,R128,R129,R130,R131",1
"R639,R1021,R2022,R5402,R5403,R5411,R5413,R5515",1
"R1000,R1002,R1023,R1024,R1027,R1029,R1030,R1031,R1100,R1101,R1102,R1103,R1200,R1204,R1205,R1405,R1406,R1407,R1408,R1501,R1507,R1513,R1519,R2000,R2002,R2024,R2025,R2028,R2030,R2031,R2032,R2100,R2200,R2204,R2400,R2401,R2402,R2412,R2413,R2501,R2506,R2513,R2519,R3102,R3104,R3111,R3115,R3118,R3120,R3200,R3202,R3203,R3205,R3212,R3214,R3215,R3217,R3301,R3302,R3306,R3307,R3500,R3502,R3503,R3504,R3517,R3518,R3519,R3527,R3600,R3601,R3603,R3604,R3610,R3611,R3613,R3614,R3620,R3621,R3624,R3625,R3630,R3631,R3634,R3635,R5212,R5214,R5216,R5301,R5303,R5305,R5307,R5400,R5401,R5404,R5405,R5408,R5409,R5410,R5412,R5414,R5415,R5417,R5419,R5511,R5512,R5513,R5514,R5521,R5522,R5523,R5524,R5525",1
"R1001,R2001",1
"R1003,R1004,R1005,R1006,R1007,R1008,R1010,R1013,R2003,R2005,R2006,R2007,R2008,R2009,R2010,R2013,R3508,R3524",1
"R1009,R1022,R1026,R2011,R2023,R2027",1
"R1011,R1601,R1608,R1612,R1620,R1622,R1629,R2012,R2601,R2606,R2612,R2618,R2622,R2629,R3101,R3106,R3108,R3112,R3124,R3125,R3126,R3127,R3208,R3209,R3220,R3221,R4003,R4057,R4060,R4063,R4066,R4110,R4210,R5004,R5008,R5010,R5011,R5103",1
"R1012,R2014",1
"R1014,R2015",1
"R1015,R2016,R5520",1
"R1016,R1616,R1633,R2017,R2616,R2633,R5300,R5304",1
"R1017,R2018",1
"R1018,R1020,R1025,R1502,R1508,R1514,R1520,R1600,R1617,R1700,R2019,R2021,R2026,R2502,R2508,R2514,R2520,R2600,R2617,R2700,R3602,R3607,R3608,R3609,R3612,R3617,R3618,R3619,R3623,R3627,R3628,R3629,R3633,R3636,R3638,R3639,R4065,R5211,R5213,R5215,R5517",1
"R1019,R1400,R2020,R2415,R3404,R3409,R4052,R4100,R4108,R4200,R4208,R5518",1
"R1028,R2029",1
"R1201,R1202,R1203,R1206,R1207,R1208,R1209,R1210,R1401,R1402,R1403,R1404,R1409,R1411,R1416,R2201,R2202,R2203,R2205,R2206,R2207,R2208,R2403,R2409,R2414,R2416,R2417,R2418,R2419,R3505,R3506,R3510,R3511,R3512,R3513,R3514,R3515,R3516,R3521,R3522",1
"R1300,R1301,R1302,R1303,R1304,R2300,R2301,R2302,R2303,R2304",1
"R1410,R1412,R1413,R1414,R1415,R1417,R1418,R1603,R1613,R1624,R1630,R2404,R2405,R2406,R2407,R2408,R2410,R2411,R2608,R2613,R2624,R2630,R3109,R3113,R3300,R3305,R3501,R3509,R3520,R3525,R5002,R5003,R5005,R5012",1
"R1500,R1511,R2503,R2515",1
"R1503,R1512,R2504,R2512,R3507,R3523",1
"R1504,R1515,R2500,R2511",1
"R1505,R1510,R1516,R1521,R2505,R2510,R2516,R2521",1
"R1506,R1509,R1517,R1518,R1701,R2507,R2509,R2517,R2518,R2701,R3000,R3001,R3002,R3003,R3004,R3005,R3006,R3007,R3008,R3009,R3010,R3011,R3012,R3013,R3210,R3211,R3222,R3223,R3411,R3526,R4000,R4001,R4004,R4005,R4050,R4051,R4053,R4054,R4055,R4056,R4058,R4059,R4061,R4062,R4064,R4067,R4106,R4111,R4112,R4113,R4114,R4115,R4116,R4117,R4118,R4119,R4206,R4211,R4212,R4213,R4214,R4215,R4216,R4217,R4218,R4219,R5406,R5407,R5416,R5418",1
"R1602,R1604,R1605,R1606,R1607,R1609,R1610,R1611,R1618,R1619,R1621,R1623,R1625,R1626,R1627,R1628,R2602,R2603,R2604,R2605,R2607,R2609,R2610,R2611,R2619,R2620,R2621,R2623,R2625,R2626,R2627,R2628,R5516",1
"R1614,R1631,R2614,R2631",1
"R1615,R1632,R2615,R2632",1
"R2004,R3304",1
"R3100,R3103,R3105,R3107,R3110,R3114,R3116,R3119,R3121,R3123",1
"R3117,R3122",1
"R3201,R3213",1
"R3204,R3216",1
"R3206,R3218",1
"R3207,R3219",1
"R3303,R3308",1
"R3400,R3405,R5217,R5218,R5220,R5221,R5302,R5306",1
"R3401,R3402,R3406,R3407",1
"R3403,R3408",1
"R3410,R5519",1
"R3605,R3606,R3615,R3616,R3622,R3626,R3632,R3637,R4109,R4209",1
R4002,1
"R4101,R4201",1
"R4102,R4103,R4104,R4105,R4202,R4203,R4204,R4205,R5007,R5102",1
"R4107,R4207",1
"R5000,R5100",1
R5001,1
"R5006,R5101",1
"R5009,R5104",1
"R5013,R5208",1
"R5200,R5202,R5203",1
"R5201,R5204,R5206",1
R5504,1
"R5205,R5209,R5210",1
R5207,1
R5500,1
R5501,1
R5502,1
R5503,1
R5505,1
"R5506,R5507,R5510",1
R5508,1
R5509,1
S3400,1
S3500,1
"U1000,U2000",1
"U1001,U2001",1
U1200,1
"U1500,U2500",1
"U1501,U1503,U2501,U2503",1
"U1502,U1504,U2502,U2504,U5300,U5301",1
"U1600,U1601,U2600,U2601",1
"U1700,U2700",1
"U1701,U2701",1
"U1702,U2702",1
U3000,1
"U3100,U3101,U3102",1
"U3200,U5504",1
"U3300,U3302",1
"U3301,U3303",1
"U3400,U3402",1
"U3401,U3403,U3404,U5202,U5203,U5204",1
U3405,1
U3501,1
"U3503,U4002",1
"U3600,U3601",1
U4000,1
U4001,1
"U4100,U4200",1
"U5000,U5100",1
"U5200,U5201",1
U5500,1
U5501,1
"U5502,U5503",1
"Y3500,Y3501",1
Y4000,1
C101,1
"C103,C208",1
C207,1
C209,1
C210,1
C211,1
"D101,D102,D103,D104,D105,D106",1
"D208,D209,D210,D211,D212",1
H1,1
H2,1
"H3,H4",1
J5,1
ON2,1
"Q101,Q102,Q103,Q104,Q105,Q106,Q107",1
Q108,1
Q109,1
Q110,1
Q111,1
Q112,1
Q113,1
Q114,1
Q115,1
Q116,1
Q117,1
Q118,1
"Q119,Q204,Q205",1
Q206,1
"R101,R102,R103,R104,R105,R106",1
"R107,R108,R109,R110,R111,R112,R204,R207,R208,R209",1
R205,1
"R210,R211",1
R212,1
R213,1
R214,1
R215,1
R217,1
R218,1
R219,1
"RES1,RES2,RES3,RES4,RES5,RES6",1
TP17,1
TP101,1
TP102,1
TP103,1
TP104,1
TP105,1
TP106,1
TP107,1
TP108,1
TP109,1
TP110,1
TP111,1
TP112,1
TP113,1
TP114,1
TP202,1
TP203,1
TP204,1
BT1,1
C6,1
C50,1
C52,1
C53,1
C54,1
C56,1
C59,1
C60,1
C65,1
C134,1
C135,1
C136,1
C0501,1
C0502,1
C0503,1
C0510,1
C0703,1
C1002,1
C1003,1
C1004,1
C1005,1
C1006,1
C1007,1
C1008,1
C1009,1
C1010,1
C1011,1
C1013,1
C1015,1
C1016,1
C1017,1
C1018,1
C1019,1
C1020,1
C1021,1
C1022,1
C1025,1
C1026,1
C1027,1
C1028,1
C1031,1
C1032,1
C1033,1
C1034,1
C1035,1
C1036,1
C1037,1
C1042,1
C1043,1
C1044,1
C1046,1
C1047,1
C1048,1
C1049,1
C1050,1
C1051,1
C1054,1
C1055,1
C1056,1
C1058,1
C1059,1
C1061,1
C1066,1
C1067,1
C1068,1
C1078,1
C1079,1
C1080,1
C1081,1
C1082,1
C1083,1
C1101,1
C1102,1
C1105,1
C1107,1
C1109,1
C1110,1
C1111,1
C1117,1
C1118,1
C1123,1
C1129,1
C1131,1
C1132,1
C1133,1
C1134,1
C1135,1
C1136,1
C1137,1
C1138,1
C1139,1
C1140,1
C1142,1
C1143,1
C1144,1
C1145,1
C1146,1
C1147,1
C1148,1
C1149,1
C1150,1
C1151,1
C1501,1
C1502,1
C1503,1
C1504,1
C1505,1
C1507,1
C1508,1
C1509,1
C1510,1
C1511,1
C1515,1
C1601,1
C1602,1
C1603,1
C1604,1
C1605,1
C1606,1
C1607,1
C1608,1
C1609,1
C1610,1
C1611,1
C1612,1
C1613,1
C1701,1
C1702,1
C1703,1
C1704,1
C1705,1
C1706,1
C1708,1
C1709,1
C1710,1
C1711,1
C1713,1
C1716,1
C1718,1
C1719,1
C1721,1
C1722,1
C1801,1
C1802,1
C1805,1
C1806,1
C1901,1
C1903,1
C1904,1
C1905,1
C1906,1
C1907,1
C1908,1
C1909,1
C1910,1
C1911,1
C1912,1
C1913,1
C1914,1
C1915,1
C1916,1
C1917,1
C1918,1
C1919,1
C1920,1
C1921,1
C1922,1
C1923,1
C1924,1
C1925,1
C1926,1
C1927,1
C1928,1
C1929,1
C1930,1
C1931,1
C1932,1
C1933,1
C1934,1
C1935,1
C1936,1
C1937,1
C1938,1
C1941,1
C1946,1
C2064,1
C2068,1
C2069,1
C2070,1
C2071,1
C2094,1
C2097,1
C2119,1
C2124,1
C2135,1
C2136,1
C2137,1
C2138,1
C2145,1
C2151,1
C2154,1
C2155,1
C2157,1
C2158,1
C2220,1
C2221,1
C2222,1
C2223,1
C2224,1
C2225,1
C2226,1
C2227,1
C2228,1
C2229,1
C2230,1
C2231,1
C2232,1
C2233,1
C2234,1
C2235,1
C2236,1
C2237,1
C2238,1
C2239,1
C2240,1
C2241,1
C2242,1
C2243,1
C2244,1
C2245,1
C2247,1
C2248,1
C2249,1
C2250,1
C2251,1
C2252,1
C2253,1
C2254,1
C2255,1
C2256,1
C2257,1
C2258,1
C2259,1
C2260,1
C2261,1
C2262,1
C2263,1
C2264,1
C2265,1
C2266,1
C2267,1
C2268,1
C2269,1
C2270,1
C2271,1
C2272,1
C2273,1
C2274,1
C2275,1
C2276,1
C2277,1
C2280,1
C2282,1
C2283,1
C2284,1
C2285,1
C2286,1
C2287,1
C2288,1
C2289,1
CON1,1
D9,1
D10,1
D1503,1
D1504,1
D1505,1
FB27,1
FB39,1
FB41,1
FB42,1
FB43,1
FB44,1
FB45,1
FB46,1
FB47,1
HH1,1
HH2,1
HH3,1
HH4,1
J47,1
J54,1
J56,1
JS7,1
L1601,1
L1602,1
L1603,1
L1604,1
L1605,1
L1606,1
L1607,1
L1613,1
L1614,1
L1615,1
L1616,1
L1617,1
LED9,1
LED10,1
Q4,1
R37,1
R38,1
R59,1
R61,1
R65,1
R124,1
R125,1
R126,1
R127,1
R128,1
R0502,1
R0503,1
R0504,1
R0505,1
R0510,1
R0601,1
R0731,1
R0801,1
R1001,1
R1003,1
R1015,1
R1102,1
R1120,1
R1121,1
R1122,1
R1123,1
R1127,1
R1128,1
R1129,1
R1131,1
R1502,1
R1503,1
R1505,1
R1506,1
R1510,1
R1520,1
R1535,1
R1543,1
R1702,1
R1703,1
R1901,1
R1902,1
R1903,1
R1904,1
R1905,1
R1906,1
R1907,1
R1908,1
R1909,1
R1910,1
R1911,1
R1912,1
R1913,1
R1914,1
R1930,1
R4954,1
R4955,1
R4956,1
R4957,1
R4958,1
R4959,1
R4960,1
R4963,1
R4964,1
R4965,1
R4966,1
R4967,1
R4968,1
R4969,1
R4970,1
R4971,1
R4973,1
R4975,1
R4976,1
R4984,1
R4986,1
R4987,1
R5053,1
R5054,1
R5056,1
R5057,1
R5058,1
R5080,1
R5083,1
R5084,1
R5085,1
R5090,1
R5091,1
R5092,1
R5093,1
R5094,1
R5095,1
R5106,1
R5107,1
R5123,1
R5124,1
R5130,1
R5131,1
R5132,1
R5133,1
R5134,1
R5135,1
R5141,1
R5142,1
R5171,1
R5172,1
R5173,1
R5174,1
R5175,1
R5176,1
R5177,1
R5178,1
R5179,1
R5183,1
R5184,1
R5185,1
R5214,1
R5231,1
R5232,1
R5253,1
R5254,1
R5255,1
R5259,1
R5260,1
R5261,1
R5262,1
R5263,1
R5264,1
R5265,1
R5266,1
R5267,1
R5268,1
R5269,1
R5270,1
R5271,1
R5272,1
R5273,1
R5274,1
R5275,1
R5276,1
R5277,1
R5278,1
R5279,1
R5280,1
R5285,1
R5286,1
R5287,1
R5288,1
R5289,1
R5290,1
R5291,1
R5292,1
R5293,1
R5294,1
R5295,1
R5296,1
R5297,1
R5298,1
R5299,1
R5300,1
R5301,1
R5302,1
R5303,1
R5304,1
R5305,1
R5306,1
R5307,1
R5308,1
R5309,1
R5310,1
R5311,1
R5312,1
R5313,1
R5314,1
R5315,1
R5316,1
R5317,1
R5318,1
R5319,1
R5320,1
R5321,1
R5322,1
R5323,1
R5328,1
R5329,1
R5330,1
R5331,1
R5332,1
RT1501,1
SW3,1
TP1,1
TP2,1
TP3,1
TP4,1
TP5,1
TP6,1
TP7,1
TP9,1
TP10,1
TP15,1
TP16,1
TP18,1
TP28,1
TP30,1
TP31,1
TP32,1
TP37,1
TP38,1
TP39,1
TP41,1
TP42,1
TP58,1
TP59,1
TP70,1
TP78,1
TP82,1
TP83,1
TP84,1
TP85,1
TP86,1
TP87,1
TP88,1
TP89,1
TP91,1
TP92,1
TP93,1
TP94,1
TP95,1
TP96,1
TP98,1
TP99,1
TP100,1
TP115,1
TP116,1
TP117,1
TP118,1
TP119,1
TP120,1
TP121,1
TP122,1
TP123,1
TP124,1
TP125,1
TP126,1
TP127,1
TP128,1
TP129,1
TP130,1
TP131,1
TP132,1
TP133,1
TP134,1
TP135,1
TP139,1
TP140,1
TP141,1
TP142,1
TP154,1
TP155,1
TP156,1
TP159,1
TP160,1
TP161,1
TP162,1
TP163,1
TP164,1
TP165,1
TP166,1
TP167,1
TP168,1
TP169,1
TP170,1
TRANS1,1
U9,1
U17,1
U26,1
U30,1
U35,1
U36,1
U39,1
U48,1
U49,1
U50,1
U51,1
U52,1
U55,1
U56,1
U57,1
U58,1
U59,1
U60,1
X3,1
X1501,1
X1502,1
"IN,OUT",1
LEDPIPE,1
"3V3,5V0",1
"C2,C3,C1",1
C5,1
"C7,C6,C4",1
"R1,R2,R3,R7",1
RLT,1
RLB,1
"C1,C3",1
"C4,C7,C10,C13",1
"C5,C8,C11,C14",1
"C6,C9,C12,C15",1
"Q1,Q3,Q5,Q7",1
"Q2,Q4,Q6,Q8",1
"R4,R5,R8,R9,R12,R13,R16,R17",1
"R6,R10,R14,R18",1
"U2,U3,U4,U5",1
"U3,4,5",1
RV1,1
R4,1
C10,1
C13,1
C9,1
L2,1
C12,1
C11,1
U8,1
R13,1
C14,1
R9,1
C19,1
"D3,4,5,6",1
C18,1
"C15,16",1
R19,1
R21,1
R17,1
C23,1
C27,1
R14,1
R15,1
C24,1
R18,1
"C21,22",1
"U18,19,20,21,22,23,24,25,56",1
"F1,2,3,4,5",1
"C1, C8, C10, C11, C12, C13, C15",1
"C2, C3",1
"C5, C6, C9",1
"D1, D7, D8, D9, D10",1
"D2, D3, D4",1
"D5, D6",1
J2,1
J3,1
"J4, J6, J8, J9, J10",1
J7,1
"R2, R5",1
"R4, R6, R9, R12",1
"R7, R8",1
"R11, R13",1
"R14, R15, R16, R17",1
"R18, R19, R20, R21",1
"R22, R26, R30, R34",1
"R23, R25, R27, R29, R31, R33, R35, R37",1
"R24, R28, R32, R36",1
"U5, U6, U7, U8, U9, U10, U11, U12",1
"C4,C14,C16-17,C25,C27-28,C32,C37-38,C42,C53-54,C63-64,C66,C74",1
"C39,C51,C60",1
"C40-41, C50,C59",1
"C6,C11-12,C36,C46,C48,C56-57,C67-68,C72-73",1
C7-8,1
"C26,C49,C58",1
"C43,C47,C61",1
C33,1
"C1-3,C18-20,C22-24,C29-31,C52,C55,C62,C65",1
C71,1
C69-70,1
C44-45 ,1
"C10,C15",1
"R3,R14,R18,R25,R33,R43",1
"R2,R9",1
"R5,R23,R29,R44-45 ",1
"R20,R38,R40 ",1
"R10,R15",1
R7  ,1
"R11-12,R16-17,R30,R35",1
"R19,R37,R39",1
"R34,R36,R41",1
"R22,R28",1
"L3,L4",1
L5,1
"U2,U4",1
D5-7,1
"D2,D3",1
Q1-2,1
"J1,J3",1
J4,1
REG1,1
REG2,1
"BD1,2",1
"Q2,4,6",1
"Q3,5",1
"R23,24,25,26,27,28,38,
41,42,43,44,45,46,56,
99,101,102,103",1
"R87,88,89,90,91",1
"R20,21,34,35,36",1
"R1,2,3,4,5,6,7,8,9,10,
11,12,48,49,50,51",1
"R33,57,64",1
"R54,55",1
"R39,40,52,53,110,111,
112,113",1
"R104,107",1
"R59,61,66,68,96,97",1
R100,1
"R29,30,105,106",1
"R17,32,58,60,62,65,67,
92,93,108,109",1
"R37,98",1
"R69,70,71,72,73,74,75,
76,77,78,79,80,81,82,
83,84,85,86",1
"C46,51,54,56,59,69,71,
83,85,86",1
"C25,64,87",1
"C28,29,43,44,74,75",1
"C57,58",1
"C37,38",1
"C26,41",1
"R1,2,3,4,5,6,7,8,18,21,
22,23,24,27,30,31,32,
33,34,35,36,39,40,42,
45,47,48,49,50,52,53,
55,60,63,65,66,67,68,
70,72,73,76,77,78,79,
80,81,82,84",1
"C61,62",1
"C9,16",1
"C10,11,12,13",1
"TC3,5",1
"TC1,4,6",1
TC2,1
EC1,1
EC2,1
EC3,1
"L1,2",1
"L4,6,8,9,10,11",1
"LD1,5",1
"LD3,4,6,13,14,15,16",1
LD2,1
"LD7,8,9,10,11,12",1
"T1,2,3,4,5",1
X4,1
"J1,2,3",1
J10,1
J11,1
"J5,8",1
"SW1,2,3,4",1
SW5,1
U47-97,1
U15,1
C5 C7-11 C16 C24-27 C144 C147 C149 CC3-11 CD1-2 CD4-5 CD7-8 CD10-11 CD13-14,1
C3-4,1
CON2 CON5-6,1
C18 C145-146,1
U10-14,1
LED2-3,1
U19,1
U20-22,1
M1-3 M5-6,1
U18,1
RD16-63,1
RPF1-12,1
RP1,1
RPF14 RPF16 RPF18 RPF20 RPF22 RPF24 RPF26 RPF28 RPF30 RPF32 RPF34 RPF36,1
D50,1
C36-48 C54-60 C72-78,1
CF1-96,1
R11 R13 R15 R45 R51,1
RD3 RD6 RD9 RD12 RD15,1
R1 R140,1
R2 R4 R6-7 R50 R52-53 R55 R57 RD1 RD4 RD7 RD10 RD13-14,1
R5 R54 R56 R58,1
R71-72,1
RD2 RD5 RD8 RD11,1
R43,1
R3 R20-22 R62,1
R42,1
R10 R40,1
R12 R14 R16 R44,1
R8-9 R59-60,1
UF1-4,1
CD15,1
C22-23 C28,1
C2 C17 C148 CD3 CD6 CD9 CD12,1
T1,1
TP6-18,1
Q1-4,1
U27-29,1
U25-26,1
U7 U10 U12 U14 U16 U18 U20 U22 U24 U31 U33 U35,1
C1-18,1
D1-100,1
M1-2,1
R22 R25,1
R1-8,1
C19-22,1
U8-9 U11 U13 U15 U17 U19 U21 U23 U30 U32 U34,1
U1-6 U36,1
"C1,C7,C13,C18",1
"C4,C8,C16,C23,C89",1
"C5,C6",1
"C9,C10,C11,C24,C25,C26,C39,C87",1
"C14,C15,C19,C20,C21,C22,C47,C50,C51,C52,C53,C54,C55,C59,C64,C65,C66,C67,C68,C69,C72,C73,C74,C82,C84,C85,C86,C90,C91,C92,C93,C94",1
"C27,C29,C30,C31,C32",1
"C28,C44",1
"C33,C34,C35,C36",1
C37,1
"C40,C41",1
C42,1
C43,1
C45,1
C46,1
"C48,C49",1
"C56,C57,C58",1
"C60,C61,C62,C63,C96,C97",1
"C70,C71,C75,C83,C95",1
C88,1
DN1,1
"D1,D44,D45,D46,D47",1
"D2,D3,D7,D10,D12,D14,D15,D17,D18,D22,D23,D25",1
"D5,D9,D26,D27",1
"D11,D48,D49,D50",1
"D13,D16,D20,D24,D29,D31,D33,D37,D40",1
D30,1
"D32,D34,D38,D41",1
D35,1
"F1,F2,F3",1
J14,1
J17,1
J18,1
J19,1
"L1,L4",1
"L2,L5,L6",1
L9,1
L10,1
"Q3,Q9,Q15,Q17",1
"Q4,Q5,Q6,Q7,Q24,Q25",1
"Q8,Q14,Q16,Q28",1
"Q18,Q19,Q20,Q21",1
Q29,1
"RT1,RT2,RT3,RT4,RT5",1
"R3,R9,R15,R20,R28,R35,R42,R55,R56,R57,R58,R59,R60,R65,R72,R76,R83,R87,R96,R98,R101",1
"R7,R8,R119,R121",1
"R10,R47,R48,R50,R51,R52,R53,R54,R93,R94",1
"R11,R66,R97,R99,R103,R113,R114",1
"R12,R21,R32,R37,R61,R62,R63,R64,R69,R70,R73,R77,R80,R81,R82,R84,R105,R107,R109",1
"R14,R49",1
"R17,R27,R34,R100,R104,R106,R108,R118,R120",1
R23,1
"R24,R39,R102",1
"R25,R110",1
R40,1
"R43,R44,R111",1
R71,1
"R74,R75,R78,R79,R85,R86,R88,R89",1
R92,1
R112,1
"U2,U4,U7,U10",1
"U5,U8,U9",1
U16,1
"U20,U21,U24,U25,U26,U27,U28,U29,U30,U31",1
U22,1
U32,1
U33,1
"C1,C2,C11,C12",1
"C10,C8,C30,C29",1
"C15,C14,C9",1
"C17,C16",1
"C21,C3,C4,C19",1
"C23,C22",1
"C25,C24,C5,C6",1
"C26,C7",1
"C28,C27,C20,C18,C13",1
"R11,R21",1
"R18,R5,R1,R4,R3,R2,R19,R17,R15,R10,R9,R8,R7,R6,R14,R16",1
"R24,R27,R20,R23",1
R29,1
R30,1
"R33,R32,R35,R31",1
P9,1
power1/reset1,1
"U1,U2",1
"U5,U4",1
"C11,C8,C7",1
"C2,C1",1
RN4,1
RN5,1
"RN3,RN2,RN1",1
"R2,R1",1
"R16,R17,R19",1
"X3,X2,X1",1
"U7,U9",1
RJ1,1
"H3,H2",1
"H4,H1",1
CON2 CON3 CON4,1
C9 C12 C47,1
C5 C6 C7 C26 C27 C32 C33 C39 C40 C45,1
C3 C4 C10 C11 C14 C15 C16 C17 C18 C20 C29 C30 C31 C41 C46,1
C1 C2,1
R11 R12,1
R8 R36,1
R13 R14 R29 R31 R32,1
R2 R5 R19,1
R3 R4,1
R15 R16,1
"INPUT, OUTPUT",1
EXTEND_IO,1
"U2,U3,U5,U6,U9,U10,U11,U12",1
"U1, U8",1
"U4, U7",1
"C1, C2",1
"R1, R2",1
"ARR1, ARR2, ARR3, ARR4",1
"ARR6, ARR8",1
"ARR5, ARR7, ARR9, ARR10",1
"C3, C4",1
